ID,Label
Q8WUI4,1
Q99456,1
Q99829,1
P29590,1
Q16881,1
Q9H1R3,1
P13716,1
P04792,1
O95477,1
P05771,1
P45973,1
Q13003,1
P41235,1
Q9UNP4,1
Q96Q40,1
P13727,1
Q15822,1
P26640,1
P29350,1
Q99814,1
Q02083,1
P01861,1
P10109,1
Q9HBK9,1
Q8WYK2,1
P22460,1
Q9Y275,1
P46736,1
P23258,1
Q16555,1
O14958,1
P09693,1
Q9GZZ6,1
Q6V0L0,1
P56524,1
P17252,1
O43920,1
P22033,1
O00180,1
Q9Y257,1
P30626,1
P15121,1
Q12882,1
P22303,1
P98170,1
P38936,1
P49257,1
Q9Y5S8,1
P06858,1
P09493,1
Q9NQX3,1
P42685,1
Q8NET8,1
Q9HBA0,1
P23526,1
P30101,1
P51168,1
P06213,1
Q9UHW9,1
O15239,1
P22455,1
P41439,1
Q96Q83,1
P30519,1
P62745,1
Q9H4B7,1
P06280,1
O43617,1
P03905,1
P49585,1
P80192,1
Q8IW41,1
P12318,1
P48167,1
P30874,1
Q96ER9,1
P08172,1
P37059,1
P11217,1
P51813,1
Q8IU85,1
O75340,1
P02649,1
Q15738,1
Q9Y2T6,1
P05155,1
P31645,1
O75964,1
O00204,1
O15528,1
Q16853,1
O94768,1
P45381,1
Q9UI32,1
P48764,1
O60513,1
P00387,1
O75311,1
P31358,1
P30939,1
P21283,1
P23141,1
Q15418,1
P21266,1
P25100,1
Q9H2X6,1
P02750,1
P11586,1
P06239,1
P43353,1
Q16552,1
P09884,1
Q92769,1
Q16288,1
P01009,1
P25021,1
O95139,1
P62750,1
P35219,1
P45984,1
P04278,1
Q08462,1
O60218,1
P21980,1
O76054,1
Q13621,1
P29218,1
O14618,1
P17948,1
P48163,1
P22557,1
Q08170,1
P28223,1
P10721,1
P16455,1
P36578,1
Q86XP1,1
P18825,1
P48551,1
Q96FI4,1
O75762,1
Q9UJT1,1
P01584,1
P02747,1
P32238,1
Q8N142,1
P35462,1
P29973,1
Q86YB8,1
P17568,1
P54802,1
P34969,1
Q9Y619,1
P06732,1
P37231,1
P06746,1
P15291,1
O15393,1
P49356,1
P00813,1
P02792,1
Q9BXA7,1
P50213,1
O00764,1
Q14626,1
O14649,1
P08729,1
P16070,1
Q02750,1
P22309,1
P54219,1
P19801,1
P01871,1
Q8TCT1,1
P24046,1
Q16513,1
O75343,1
P32119,1
P37173,1
Q7Z460,1
P12319,1
Q99808,1
Q16873,1
P15814,1
Q9Y5S1,1
P28472,1
O43252,1
Q15274,1
P00918,1
P02679,1
P0C0L5,1
P21281,1
Q9UQD0,1
P01599,1
Q8NBN7,1
P01023,1
Q9UK17,1
P17844,1
P15144,1
P13498,1
Q96RJ0,1
Q15750,1
P12259,1
Q8IWT1,1
Q13547,1
Q9UIX4,1
Q14524,1
Q13423,1
P43116,1
P05177,1
P49281,1
P34903,1
Q9BY32,1
P13674,1
P41743,1
P05362,1
O60939,1
Q9HB21,1
O15392,1
P19784,1
Q9Y6L6,1
Q6IB77,1
O60359,1
P30837,1
O43353,1
Q00532,1
Q06481,1
P05106,1
P08684,1
P51812,1
P31327,1
P23743,1
Q8WXS5,1
P06276,1
P04054,1
P03897,1
Q9ULU8,1
P14902,1
P30988,1
P04279,1
O15075,1
P26439,1
Q9NYK1,1
O14730,1
O75251,1
Q9Y694,1
P11511,1
P18850,1
O15530,1
P01100,1
P02765,1
O15554,1
Q00535,1
Q8TD30,1
P18858,1
P20839,1
Q8WY07,1
P19838,1
O43181,1
P19823,1
P22676,1
O60895,1
O14965,1
Q00266,1
P08069,1
Q12809,1
P30532,1
P09769,1
O76083,1
P19525,1
O15197,1
P37288,1
P34998,1
P06310,1
P22626,1
Q9NR97,1
P42262,1
P08697,1
Q01118,1
P14416,1
Q15116,1
P13073,1
Q969P6,1
P49069,1
Q14520,1
P49759,1
Q9Y6F1,1
O96017,1
Q8TD19,1
Q16798,1
P08253,1
Q8TET4,1
P10915,1
P48664,1
Q99735,1
Q9H4Y5,1
Q8N1C3,1
P20333,1
Q96S37,1
P25713,1
P13995,1
Q14289,1
P08173,1
Q14457,1
Q16790,1
O75746,1
Q9UBS5,1
P01008,1
Q03181,1
P41250,1
O00398,1
P15502,1
P31995,1
P0C264,1
O75899,1
Q9UJT0,1
P30084,1
P09172,1
Q9UQQ2,1
P04080,1
P49760,1
P34972,1
P21802,1
Q8IUZ5,1
Q12791,1
P19099,1
P25815,1
O15304,1
P41145,1
P46663,1
P07357,1
Q16775,1
Q9NZD4,1
P07355,1
O43246,1
P08670,1
P46439,1
P27487,1
O60896,1
P12931,1
P07686,1
Q96EN8,1
Q9Y5K8,1
Q9UBL9,1
Q9NZV8,1
Q13838,1
P22234,1
Q03431,1
Q8TD43,1
Q75N90,1
P07438,1
Q96C36,1
P06870,1
Q00796,1
P51884,1
P51160,1
P17612,1
Q9UJ96,1
P11717,1
Q92482,1
P39748,1
P07550,1
P07358,1
Q9NQ25,1
P28074,1
P13612,1
P46734,1
A5X5Y0,1
Q9Y6Y9,1
Q6W5P4,1
P34897,1
Q16322,1
P35225,1
Q9NR96,1
Q86W47,1
P43652,1
Q96L12,1
Q15118,1
O75716,1
P30613,1
Q00536,1
P22570,1
Q06033,1
O75306,1
P62316,1
Q9HA77,1
Q14571,1
Q9GZR5,1
P36544,1
P28845,1
P49019,1
Q16647,1
P43003,1
P06733,1
Q16659,1
P49840,1
Q13555,1
Q16720,1
P05113,1
P28907,1
O95644,1
P17181,1
P21589,1
O75838,1
Q16558,1
Q9UHQ9,1
P14543,1
Q71U36,1
Q06323,1
P00367,1
Q07021,1
P07814,1
Q15569,1
P33681,1
P15313,1
P04035,1
P03886,1
P15056,1
O95835,1
Q07954,1
P23634,1
P50135,1
P51575,1
P42336,1
P35916,1
Q9HD40,1
P20815,1
P0DP24,1
Q9Y6T7,1
O14732,1
P46781,1
Q16878,1
P0DP23,1
P22748,1
O14832,1
P04731,1
Q9Y2K2,1
Q32P28,1
P35858,1
P61769,1
Q9NYY3,1
P50897,1
Q14994,1
P28566,1
Q9Y6H6,1
O95665,1
Q92772,1
Q9NYQ3,1
P35556,1
P04075,1
P12429,1
P48507,1
Q9UHD2,1
P98160,1
P16152,1
P25103,1
P00374,1
P07307,1
Q07869,1
P35372,1
P07359,1
Q00537,1
P51970,1
Q9HAZ1,1
P62857,1
Q13233,1
P0DP25,1
P09619,1
Q9NSA0,1
P00709,1
P30518,1
P62277,1
P37840,1
P29622,1
P51649,1
P78356,1
Q99437,1
P08185,1
P32004,1
P51787,1
Q6ZQY3,1
O15270,1
Q7L7X3,1
P51681,1
P27815,1
P80748,1
P46098,1
Q5NUL3,1
P05787,1
Q13126,1
P25705,1
P08779,1
Q9UNX9,1
P04839,1
P04003,1
Q9Y463,1
P28065,1
P11362,1
P07288,1
P03891,1
P07947,1
Q9UDX4,1
Q8N339,1
O14757,1
P12821,1
Q13177,1
P17735,1
P13640,1
P18283,1
P23921,1
Q04828,1
Q9Y285,1
Q14697,1
P28221,1
P28329,1
O43766,1
Q99828,1
P00325,1
P23368,1
Q15375,1
O15269,1
P37088,1
Q02809,1
Q96D53,1
Q8N5S9,1
P29074,1
P54619,1
P11137,1
P56937,1
P16444,1
O95670,1
Q16678,1
P68400,1
P01591,1
P03951,1
P21397,1
P18627,1
P00338,1
P26358,1
P54886,1
P01106,1
Q96LB4,1
O96013,1
Q14534,1
P42766,1
Q8TDU6,1
P32418,1
O95479,1
P04083,1
P30043,1
Q8TD08,1
P07225,1
P00734,1
O75715,1
P51553,1
Q9NZD1,1
P51161,1
P51858,1
P42081,1
Q9UL54,1
P04114,1
O15379,1
Q96L42,1
Q9UKV0,1
P02675,1
P98155,1
P01138,1
O14983,1
O43526,1
P23763,1
P19793,1
O00408,1
Q96NR8,1
O75874,1
Q9GZU7,1
P10636,1
Q86YN6,1
P53396,1
P35968,1
P53985,1
Q9UJ70,1
P50750,1
P41231,1
Q14164,1
P02748,1
P49327,1
O43614,1
Q02153,1
P13647,1
P04637,1
P48728,1
Q15139,1
P41180,1
P29466,1
Q96PY6,1
Q02156,1
Q01995,1
P11168,1
Q9UBM7,1
P16109,1
Q59H18,1
P63261,1
Q96L21,1
Q03405,1
P49146,1
P55786,1
P0DMS8,1
P19971,1
Q9UNN8,1
P20742,1
Q9UF02,1
Q96GD4,1
P10809,1
P36542,1
P00439,1
P29376,1
Q9UHF0,1
P51164,1
P46597,1
O43677,1
Q8N0U8,1
P12268,1
P21554,1
Q9Y6J6,1
P07237,1
Q86YV6,1
Q9BYZ2,1
Q13237,1
Q14123,1
Q16539,1
O15547,1
O00469,1
Q9UKQ2,1
P30291,1
P28335,1
Q9UBV8,1
P48443,1
Q00975,1
Q9P0J0,1
P18848,1
P62937,1
P31946,1
O60568,1
Q16773,1
P22607,1
P35237,1
Q9NYL2,1
P98066,1
P28331,1
O60658,1
P53779,1
Q05655,1
P17516,1
Q96PD7,1
Q9BTZ2,1
O75914,1
Q04759,1
O95838,1
P20813,1
Q9H2G2,1
P80365,1
Q08289,1
P31942,1
Q00653,1
P21549,1
Q9Y4U1,1
P11177,1
Q9BXT2,1
P54289,1
Q6UX15,1
P06576,1
P49589,1
P51693,1
Q92800,1
O00305,1
Q5KSL6,1
Q9BYV1,1
P09429,1
P10092,1
Q9Y5N1,1
Q9H2S1,1
P49888,1
Q99640,1
O75460,1
P40939,1
P14207,1
P00450,1
P21291,1
O00142,1
O43293,1
P30086,1
P35408,1
Q9BXJ7,1
Q96I59,1
P27707,1
P36543,1
Q9Y5K3,1
P49354,1
P39086,1
Q96P88,1
Q02221,1
P68104,1
P18847,1
Q9NS18,1
Q9UHI5,1
Q9P2K8,1
P32245,1
P54368,1
O95299,1
O15540,1
P05090,1
P12724,1
P51843,1
P08620,1
Q9Y2D1,1
Q86UW7,1
P04406,1
P18505,1
P00352,1
Q99572,1
P53667,1
Q16478,1
P00491,1
O60840,1
P19021,1
Q16099,1
P02778,1
Q13163,1
P40925,1
P08473,1
P29508,1
P16219,1
O94903,1
Q9NVH6,1
P05543,1
P08758,1
O14717,1
P21817,1
Q8IVL5,1
P01024,1
P31415,1
Q9UI12,1
Q9NS85,1
Q13509,1
P07498,1
P35754,1
P53805,1
Q96IY4,1
Q86Y39,1
P49763,1
P36896,1
P47712,1
P42338,1
Q9NR82,1
P07306,1
Q16718,1
Q02108,1
P02647,1
P08686,1
P56181,1
P31025,1
P23280,1
O75600,1
Q8N543,1
P51659,1
P50440,1
P46782,1
Q01718,1
O94788,1
P01137,1
Q16602,1
P36956,1
Q14624,1
O15382,1
P12004,1
P28676,1
P07327,1
P0CG30,1
P23416,1
Q9ULX7,1
P14778,1
Q08499,1
Q8N8Y2,1
Q04609,1
Q12879,1
Q92753,1
Q96NX5,1
P14598,1
P01860,1
Q9BXA5,1
P08100,1
P54760,1
Q02223,1
P27824,1
P21728,1
Q03403,1
P10696,1
P80511,1
Q13488,1
P32927,1
P01133,1
P07900,1
Q9UDX3,1
P04733,1
Q96FQ6,1
Q9UBF8,1
P34995,1
P59796,1
P08183,1
Q04206,1
Q96RQ9,1
Q6DT37,1
P05121,1
P61626,1
P15880,1
Q9UGM1,1
P15309,1
O60931,1
Q9NZD2,1
Q16836,1
P35367,1
P31152,1
Q13255,1
P03952,1
P78417,1
O00483,1
Q16620,1
Q86V86,1
P13569,1
Q9BYT3,1
P27361,1
Q9BY41,1
Q9H2H9,1
Q8N1Q1,1
P09455,1
Q96RI1,1
O95749,1
P24666,1
Q12797,1
P23975,1
P51679,1
P23219,1
P06744,1
Q02127,1
P40394,1
Q9Y5Y9,1
P30044,1
P48547,1
P07333,1
P32929,1
P19827,1
Q9BY49,1
P57078,1
P08519,1
P36507,1
P48357,1
P32320,1
Q96GA7,1
O43776,1
P16220,1
P48169,1
Q9ULB1,1
Q8TDN1,1
P42261,1
Q9Y5C1,1
P53355,1
P51957,1
P51956,1
Q16134,1
P15169,1
P78362,1
P11474,1
P14550,1
Q9UGI9,1
Q9Y233,1
O15374,1
P62955,1
P55899,1
Q8TE23,1
P30530,1
P33981,1
Q13938,1
Q8TCC7,1
Q8N159,1
Q96NY8,1
Q14643,1
P14210,1
Q13393,1
P25116,1
P55073,1
Q9BXI2,1
Q6ZN16,1
Q8NFD2,1
O43193,1
P32745,1
Q13131,1
P24310,1
P51788,1
Q05329,1
P10176,1
Q96KS0,1
Q9NPA1,1
P28702,1
Q86VB7,1
P10826,1
Q12866,1
P05181,1
P12236,1
O95747,1
O75936,1
F7VJQ1,1
P10828,1
P10646,1
P20618,1
P43119,1
P56556,1
P31937,1
O14594,1
P15260,1
P52824,1
Q03393,1
P02533,1
Q92806,1
P00748,1
Q9HC97,1
Q02338,1
P23297,1
P28908,1
Q15746,1
Q05901,1
P00533,1
O15111,1
O00206,1
P41222,1
Q8N5Z0,1
Q02218,1
Q8NCM2,1
Q15942,1
P15531,1
P40933,1
P01031,1
P35346,1
Q8WWQ8,1
P07477,1
P61073,1
P43487,1
O00141,1
P11387,1
P01303,1
P07360,1
P14555,1
O14521,1
Q08493,1
Q9H3S4,1
Q9NY56,1
Q02880,1
P26010,1
Q6PI48,1
P47944,1
P10276,1
Q9NY47,1
P11766,1
Q96SL4,1
O15440,1
Q6YP21,1
Q9Y3I0,1
P11532,1
P20132,1
Q7L0J3,1
Q9Y600,1
Q96QT4,1
P02763,1
P31639,1
P21917,1
Q9UJ90,1
P05023,1
P11166,1
P31260,1
Q9UM01,1
P11021,1
Q16518,1
Q8N568,1
P31151,1
O75636,1
P13611,1
Q06203,1
Q9NQU5,1
Q9UJU2,1
P24752,1
O95342,1
P02655,1
P36021,1
P30411,1
P39900,1
P15924,1
P51580,1
P30559,1
P10997,1
P06493,1
Q9H169,1
P39019,1
Q13627,1
Q99259,1
P07998,1
Q07075,1
Q5XXA6,1
Q8N9I0,1
Q13164,1
P63252,1
P17405,1
O75185,1
O60706,1
Q16348,1
Q9H3Y6,1
Q07864,1
Q15904,1
P20674,1
P02790,1
O14842,1
P18510,1
P14770,1
P08246,1
P35354,1
Q9NXG6,1
P04150,1
Q9Y271,1
Q14500,1
P35218,1
P27635,1
O95167,1
P00403,1
P07101,1
P28062,1
O95069,1
P26951,1
P00846,1
P50579,1
P06703,1
P11310,1
O14880,1
P52429,1
P25101,1
Q01668,1
P51692,1
P09960,1
P68871,1
P48058,1
P48637,1
P19835,1
Q96A70,1
P52569,1
P07451,1
P63027,1
Q8TDR2,1
Q14680,1
Q9UDR5,1
Q0VD83,1
P29275,1
P56381,1
P17540,1
P00742,1
P50453,1
P20645,1
P10253,1
P42765,1
O14936,1
P05230,1
Q9Y6M9,1
P78527,1
P31943,1
P10768,1
Q96A05,1
Q13370,1
Q06278,1
P07741,1
P54750,1
P27797,1
P08581,1
Q6WRI0,1
P14324,1
O75493,1
P23786,1
P78352,1
P22001,1
P30049,1
Q15238,1
P42898,1
P48448,1
Q9UGM6,1
P48047,1
P25024,1
P40967,1
P28222,1
P62807,1
P00480,1
Q9BQ31,1
P47900,1
Q02383,1
P49773,1
P49721,1
P47870,1
P45983,1
P00915,1
P48029,1
Q9UKI8,1
Q969S2,1
Q9BUB5,1
O75015,1
Q52WX2,1
P50416,1
Q14330,1
Q92887,1
P45954,1
P08174,1
Q8TDS4,1
Q96L34,1
Q92952,1
Q15428,1
P07711,1
Q9NSA2,1
Q5JVS0,1
Q92953,1
P16435,1
O43283,1
Q9P289,1
P04196,1
O00519,1
P00505,1
Q92506,1
P20648,1
P17752,1
P15086,1
P17936,1
P11229,1
P16422,1
O94760,1
P00749,1
Q8N8R3,1
Q8WU03,1
P15104,1
O14964,1
Q99720,1
P05089,1
P08913,1
O15146,1
P15509,1
P08294,1
P14866,1
P00390,1
P11388,1
Q9H228,1
P29803,1
Q9GZT9,1
O43837,1
Q2M2I8,1
P35527,1
Q08345,1
P05129,1
Q9Y243,1
O14841,1
P30038,1
Q9UM07,1
Q9UGJ0,1
P09525,1
P61421,1
P47901,1
Q9NS75,1
P11413,1
P02452,1
P35590,1
Q9Y5Y6,1
P15391,1
P12532,1
Q05397,1
P05108,1
P55017,1
P16473,1
P04746,1
P61024,1
P06729,1
P02746,1
P21964,1
P23469,1
Q9NZQ7,1
P22694,1
O95263,1
P05231,1
Q6MZM0,1
Q8NHE4,1
P06126,1
P13762,1
Q9NPC2,1
P43405,1
O15427,1
Q9UP52,1
Q9UKU7,1
Q14978,1
P04070,1
Q9Y5Y7,1
P16499,1
P23381,1
P07098,1
P51582,1
P56537,1
Q30154,1
P20061,1
Q9UQM7,1
Q6PIU1,1
P02795,1
P13693,1
P69905,1
O15123,1
P18405,1
Q96S86,1
P19440,1
P62753,1
P32239,1
P15382,1
P43403,1
P14415,1
P53350,1
P07948,1
P35610,1
P06850,1
P08603,1
P03372,1
P00797,1
P60568,1
Q16760,1
P30273,1
P60174,1
Q16832,1
P20963,1
Q9NY46,1
Q99571,1
Q9UL51,1
P47989,1
P01619,1
Q92945,1
Q9UF33,1
P09466,1
P01579,1
P31153,1
P08912,1
P48729,1
P78348,1
Q9ULY5,1
P10515,1
P05546,1
O43613,1
P31751,1
P38435,1
P46940,1
P84077,1
Q9Y646,1
O95169,1
Q07955,1
P17174,1
Q9BVS4,1
Q13085,1
Q4U2R8,1
P42263,1
Q08828,1
P11274,1
P59768,1
P11473,1
P29474,1
Q9NYR8,1
P01375,1
Q9H4B4,1
Q96DB2,1
Q01959,1
Q06187,1
P49915,1
Q16512,1
Q9UEE5,1
P15328,1
Q13470,1
P30968,1
Q13153,1
Q02643,1
P19652,1
P41143,1
Q14722,1
Q96PD5,1
Q14012,1
P51606,1
P0C0L4,1
Q9H015,1
P21453,1
P17787,1
P49908,1
Q9UK23,1
P29372,1
Q9UNQ0,1
Q15493,1
O00555,1
O95470,1
P23945,1
Q7Z4J2,1
Q9H093,1
P24298,1
Q16864,1
P13945,1
Q9C0B1,1
P04264,1
P30556,1
P21462,1
P35228,1
Q9NPH2,1
Q7L5Y9,1
P05556,1
Q99519,1
Q9NR19,1
P11216,1
P78508,1
O95864,1
O95182,1
Q96RD7,1
Q8IVL6,1
P25963,1
P49841,1
P11498,1
Q9GZT4,1
P04004,1
P35498,1
Q9UP95,1
P40306,1
P12277,1
Q9BRS2,1
P35398,1
O95718,1
P49619,1
P09211,1
P17538,1
P06396,1
Q15842,1
Q9Y487,1
P41968,1
O15399,1
O75747,1
Q93050,1
Q9Y2Q3,1
P15954,1
P18669,1
P20702,1
O00444,1
P63316,1
Q9NSD9,1
Q701N4,1
P29762,1
Q9ULA0,1
Q95460,1
P04040,1
Q9H2K8,1
P36888,1
P78540,1
Q12852,1
P33402,1
P78334,1
P30838,1
P05120,1
P08637,1
P00738,1
O75880,1
P10275,1
Q8NER1,1
O95178,1
P33151,1
O14920,1
P06401,1
P00395,1
Q8TED1,1
Q7Z2Z2,1
P52333,1
P02818,1
P13196,1
P02751,1
P98194,1
P11142,1
Q8N4C8,1
P26440,1
Q16654,1
Q8TCU5,1
P41594,1
P02775,1
Q99527,1
Q99707,1
P48048,1
P42680,1
P16615,1
O75911,1
Q9BQB6,1
Q02252,1
Q99712,1
Q08426,1
P0DJD9,1
P68366,1
Q9UKG9,1
P07737,1
P22888,1
Q9P0Z9,1
P81605,1
Q16850,1
Q92947,1
Q9HBG4,1
P09758,1
P01589,1
P07949,1
P00736,1
P54764,1
P02708,1
Q14542,1
P08235,1
Q14654,1
P01859,1
O00763,1
P02689,1
P36969,1
Q16739,1
Q9Y4R7,1
P12883,1
P16278,1
P09486,1
Q86YZ3,1
Q8TCT9,1
P09848,1
P40926,1
O95237,1
Q13523,1
P08631,1
P55789,1
P0CG04,1
Q9Y698,1
P21695,1
Q13557,1
Q14831,1
P51648,1
P22352,1
P07204,1
P00750,1
P08559,1
Q08881,1
P49761,1
Q9UQB9,1
O43674,1
P01019,1
Q8WWG9,1
P21730,1
P15559,1
P29460,1
P49765,1
P53778,1
P17812,1
P30041,1
Q01362,1
P49286,1
P02787,1
P12314,1
P54284,1
Q92736,1
Q01814,1
P35908,1
P05026,1
P29401,1
P01011,1
P24311,1
Q14749,1
Q96RI0,1
P07766,1
P01857,1
P40238,1
P08708,1
P11836,1
P80404,1
P48039,1
P54577,1
P47775,1
P04062,1
Q9NPA2,1
Q16719,1
Q15878,1
P30711,1
P14616,1
O95264,1
Q16445,1
P80303,1
P49368,1
P03915,1
P04732,1
Q13630,1
O00217,1
P29475,1
P51170,1
P16591,1
Q9NXB9,1
Q13733,1
P19634,1
Q6NUM9,1
Q07699,1
Q13133,1
P55211,1
P00451,1
P48723,1
P02786,1
P41238,1
P31040,1
P28161,1
O00264,1
Q06418,1
P08514,1
P54762,1
P16870,1
P61978,1
Q02763,1
P21860,1
Q15155,1
Q14973,1
P51172,1
Q15596,1
Q9Y234,1
Q14721,1
P31391,1
P16410,1
Q96PD4,1
Q03013,1
P23415,1
Q9Y4K4,1
P79483,1
Q9H252,1
O43451,1
O95298,1
Q15303,1
O00244,1
P06748,1
P05091,1
O00299,1
P39905,1
P31939,1
P29323,1
P08138,1
P42681,1
Q9Y4I5,1
Q7RTT9,1
P29322,1
Q9Y3R4,1
Q14032,1
P54646,1
P02656,1
P20273,1
Q99497,1
P00966,1
Q9UBK8,1
P15428,1
Q7RTV2,1
P24385,1
P34981,1
P42679,1
P55157,1
Q9H422,1
Q969I6,1
Q9NS40,1
P42684,1
Q92781,1
P02652,1
Q13936,1
P43220,1
P62993,1
P05156,1
Q99250,1
O00329,1
P15336,1
Q6N063,1
P23246,1
Q9UBC3,1
P56696,1
Q9NVS9,1
P63244,1
P35368,1
Q06432,1
O43772,1
O60656,1
P09467,1
P01730,1
Q93088,1
P25774,1
P08865,1
P10635,1
O15217,1
Q15067,1
P49821,1
P02585,1
P49448,1
P55263,1
P02776,1
P14061,1
P17931,1
P29371,1
Q9UEW8,1
Q9BQI3,1
P02788,1
P02745,1
Q8IYT8,1
P62714,1
O15375,1
Q99623,1
Q9BUP3,1
P23458,1
O94956,1
Q9Y2Z4,1
Q56UN5,1
P37108,1
Q96GD0,1
P20138,1
O00591,1
O60603,1
O75912,1
P50914,1
P13637,1
Q8N1G2,1
Q32MK0,1
P04156,1
P50613,1
Q9UQF2,1
P09382,1
O60664,1
Q96BR1,1
P0DM35,1
P56282,1
P19404,1
Q15800,1
P31644,1
P42858,1
Q8WXA8,1
Q99062,1
P80075,1
Q14573,1
P22102,1
P48061,1
Q99677,1
P35499,1
P27448,1
Q09428,1
Q9UEW3,1
P01889,1
P31948,1
P46059,1
P00747,1
O95168,1
Q15759,1
P16581,1
P20020,1
Q9UGI6,1
P29034,1
P05412,1
Q9Y2D0,1
P14625,1
O75390,1
Q9HBH9,1
P27169,1
P01042,1
P54710,1
Q14003,1
P07202,1
P04439,1
P09874,1
Q9Y2H1,1
O60391,1
Q9HCC0,1
Q9NUV7,1
P80294,1
P23528,1
O60894,1
Q9NRP7,1
O14788,1
Q8NI60,1
P14784,1
Q9NRH2,1
P17658,1
P49411,1
O15067,1
Q9UPY5,1
P52209,1
Q6PHR2,1
P67775,1
P15538,1
O43570,1
O75380,1
P14780,1
P08887,1
Q9H6Z9,1
P46939,1
O60427,1
Q5JPH6,1
Q96RR4,1
P12104,1
Q9UPZ9,1
Q9NRX3,1
Q00987,1
P42330,1
Q9BY66,1
O00341,1
Q9NXA8,1
P17302,1
P09488,1
P05154,1
P00739,1
Q9Y617,1
P53004,1
P41595,1
Q7Z3S7,1
P05141,1
P01709,1
O75385,1
Q9Y697,1
P48735,1
P49642,1
Q05940,1
P35348,1
P08588,1
P29320,1
Q04760,1
O95907,1
Q86UE8,1
O75348,1
O43678,1
P13726,1
P01911,1
O75897,1
P20701,1
P16389,1
Q9Y6E0,1
P02753,1
P11802,1
P62166,1
P32297,1
P53671,1
P34741,1
Q13873,1
O15350,1
P48736,1
P08243,1
P34896,1
P54756,1
Q9UNK4,1
Q9NZK7,1
P03923,1
O15403,1
P40261,1
O00750,1
Q8NEY4,1
Q13946,1
Q9UGN5,1
Q9H244,1
O14791,1
O95622,1
P30926,1
O95954,1
P30531,1
P04049,1
Q14432,1
P21796,1
P54709,1
P27338,1
Q9H3N8,1
Q9HCR9,1
O15264,1
Q12908,1
P33261,1
Q9UM73,1
P24941,1
Q5S007,1
P50052,1
P01189,1
P12814,1
P14410,1
Q13188,1
P21918,1
P48051,1
Q96QD8,1
P19878,1
P47898,1
Q02928,1
Q8TC12,1
Q9UQ05,1
Q6P3R8,1
P38484,1
P35222,1
Q9NR33,1
O14976,1
P07203,1
P11712,1
P62312,1
O95259,1
P68371,1
P29317,1
P02671,1
Q04771,1
Q93083,1
O75676,1
Q9NY72,1
P47872,1
Q9H0K1,1
P02794,1
P16234,1
P08700,1
P01903,1
P13500,1
O95977,1
P50747,1
P24462,1
P09871,1
O95382,1
Q15046,1
Q13303,1
O14764,1
O95363,1
O00238,1
P27449,1
P35913,1
P26447,1
Q8IZS8,1
P05166,1
Q9Y691,1
Q13002,1
P43155,1
P19320,1
Q9NYP7,1
O75438,1
P01350,1
Q9NPF7,1
Q16795,1
O15496,1
P33121,1
P09917,1
P02461,1
P00519,1
Q01344,1
P80297,1
P10827,1
P49190,1
P47869,1
P13639,1
P00326,1
P18846,1
P48050,1
P19235,1
P30536,1
P00441,1
Q8TAE7,1
O43525,1
Q8TDN2,1
P78330,1
P05164,1
Q9Y478,1
Q14353,1
P68133,1
P62942,1
Q9HAB3,1
P62508,1
P05112,1
Q969G6,1
O60760,1
Q9UKE5,1
P18507,1
Q14957,1
O14561,1
P14735,1
O75116,1
P48544,1
P04155,1
P14060,1
Q9C098,1
P30520,1
P18545,1
Q8IVH4,1
Q96CD2,1
P10632,1
Q07343,1
Q70Z44,1
P57059,1
Q93086,1
P36897,1
Q969S8,1
Q9HB55,1
P04350,1
Q01726,1
Q15637,1
Q99714,1
O94925,1
Q9P286,1
Q15125,1
Q99584,1
Q9UBN1,1
Q13332,1
P51617,1
P30825,1
O60502,1
P07332,1
Q9UHC9,1
O96007,1
P08709,1
P10412,1
P05452,1
Q8N907,1
P42574,1
Q16515,1
Q05586,1
P63000,1
Q99624,1
P99999,1
P31785,1
P21709,1
P0CG29,1
Q9P0X4,1
O75489,1
Q9UBN7,1
P18089,1
P14923,1
O95750,1
P07864,1
O00222,1
P25105,1
P01374,1
Q02641,1
P07195,1
P41146,1
Q9BQB4,1
Q9Y6R4,1
Q13258,1
Q9UI33,1
Q14103,1
Q86VZ1,1
P33527,1
Q96RP8,1
O15342,1
P02538,1
P04179,1
P17544,1
Q92911,1
P14868,1
P78559,1
P19961,1
Q63HM9,1
Q9NYX4,1
Q9UIK4,1
P09038,1
Q02779,1
O43741,1
Q13639,1
P10606,1
Q96SW2,1
O75330,1
Q8NG66,1
O14980,1
P05109,1
Q04912,1
P43088,1
P22897,1
P26639,1
Q9NSY1,1
O60494,1
Q9NYV7,1
P49788,1
Q96AE4,1
O60701,1
P49674,1
Q13554,1
Q9BPV8,1
P17707,1
Q99835,1
Q9BUF5,1
Q9H2M3,1
P05093,1
P35869,1
Q03154,1
Q13224,1
P36955,1
P52895,1
P24530,1
Q9UN88,1
Q01064,1
P00492,1
P10909,1
P30085,1
P00751,1
P20711,1
P13645,1
P50993,1
P06241,1
P43681,1
Q14833,1
P06727,1
Q96I15,1
Q13882,1
Q9HB29,1
P41240,1
Q96G91,1
P04275,1
P05160,1
Q13546,1
P00558,1
P31213,1
O95180,1
P17342,1
P08319,1
O60669,1
P14867,1
Q15910,1
Q15080,1
Q96LZ3,1
O94804,1
Q15758,1
P09601,1
Q5SSJ5,1
Q15858,1
P13866,1
P31350,1
P00740,1
P09669,1
P51857,1
P06702,1
Q9Y2H9,1
Q16568,1
Q99653,1
O60488,1
P05165,1
P09681,1
Q9NWZ3,1
P04217,1
Q99759,1
P38606,1
O60674,1
P09210,1
Q92558,0
P28715,0
O43261,0
Q14324,0
Q9Y2B0,0
P54105,0
Q2TAA8,0
P0C7V4,0
Q9UKR0,0
Q7Z3E5,0
C9J7I0,0
Q9BPZ2,0
Q9HAW0,0
P41271,0
P55287,0
Q9BSK2,0
Q6ZV77,0
A5YKK6,0
Q9ULL0,0
Q9HBT7,0
Q9Y4G6,0
Q6ZYL4,0
A8MQT2,0
Q14028,0
Q9UET6,0
P62070,0
Q8N6Q3,0
O00442,0
P49736,0
A0A1W2PR82,0
Q96PN8,0
Q969K7,0
Q6PJI9,0
B5MCY1,0
Q7L099,0
Q86SQ0,0
Q6IPR1,0
Q9NYY8,0
Q9UJU5,0
P84090,0
Q15287,0
Q4VC12,0
Q8IZT6,0
Q8N816,0
P02042,0
Q9UN75,0
P25090,0
A7E2Y1,0
Q969E8,0
Q8N423,0
P21815,0
P01705,0
P14635,0
P23490,0
Q6ZS82,0
A0A0U1RRN3,0
Q8NHS2,0
Q05195,0
Q9NPE3,0
Q96GE4,0
O60641,0
Q8NGK5,0
Q4LDE5,0
P0DOY2,0
Q14126,0
P21583,0
Q17RR3,0
Q9BV79,0
Q92597,0
O14678,0
Q9BZE0,0
Q8IXL6,0
Q8IY47,0
Q9H3H9,0
M0R2J8,0
Q01628,0
Q9HAA7,0
Q9NRW1,0
Q8NHS0,0
Q96MN2,0
O60774,0
Q14318,0
Q9NWW0,0
Q12767,0
Q8NG80,0
A0A539,0
Q9C056,0
Q9BY44,0
Q8IU54,0
Q7Z333,0
Q6IF00,0
Q3MIP1,0
Q96MU7,0
Q4V339,0
Q6ZN44,0
Q9H410,0
O43374,0
Q86SE5,0
Q9HA38,0
Q5TZK3,0
P0DTE4,0
Q9Y5H9,0
O75635,0
Q5T2L2,0
Q99965,0
P17097,0
Q13496,0
Q9H209,0
P60763,0
Q15776,0
P21127,0
Q96IT1,0
Q9UGP8,0
P51504,0
Q9H777,0
Q9NYS7,0
P61964,0
Q9Y5F1,0
Q8NEM1,0
P45378,0
A1L390,0
Q96LB2,0
Q13606,0
Q96Q27,0
A0A1B0GTS1,0
A0A1B0GVG4,0
Q96D09,0
Q9BPW9,0
Q9Y5E6,0
Q8NCN4,0
Q92583,0
Q9Y6A9,0
A0A0J9YXY3,0
Q9H175,0
Q9Y2X3,0
Q02325,0
P14373,0
P60983,0
P06028,0
A0A1B0GTD5,0
Q8NI51,0
A9YTQ3,0
Q86SQ4,0
Q9UFC0,0
Q6P4F1,0
Q9C0K3,0
Q13322,0
Q3KP31,0
Q5XKK7,0
Q9BZY9,0
A0A0U1RQG5,0
Q96A11,0
Q99941,0
Q0VFX4,0
O95857,0
Q96LD8,0
Q5R3I4,0
O94813,0
Q96MG8,0
Q8N6V9,0
Q9BQ69,0
Q6P280,0
O15321,0
Q92839,0
Q96AP7,0
Q9BWF2,0
Q9P2I0,0
Q9NXR5,0
Q8WWZ1,0
O00287,0
Q16473,0
Q9NYA3,0
Q9Y679,0
Q8IXM3,0
Q96LZ7,0
A0A2R8Y4Y8,0
A1L190,0
Q8TB92,0
Q9BSJ1,0
Q5SYC1,0
Q9NY97,0
Q5VSL9,0
Q9Y2G0,0
Q6ZUX3,0
O94761,0
Q6ZSJ9,0
Q5T0T0,0
Q2M1K9,0
Q9HB89,0
Q96G23,0
Q9UNS2,0
A6NM10,0
Q14687,0
P56559,0
Q9UIV1,0
Q6ZPD8,0
O15397,0
A4D1E9,0
Q4VC05,0
Q9UKX5,0
Q13401,0
O75940,0
Q99603,0
Q9BY78,0
Q5TFE4,0
O14879,0
Q07866,0
Q5FWF7,0
Q9NTQ9,0
Q6UB98,0
Q8NGR8,0
Q52M93,0
Q2NKJ3,0
Q8N2C7,0
P52434,0
Q12778,0
Q9NYV4,0
Q9BR11,0
Q9NZY2,0
O43316,0
Q8WX93,0
P0DTL4,0
Q6NV74,0
Q9UKN8,0
O14602,0
L0R6Q1,0
Q5FYA8,0
Q6ISB3,0
Q96L15,0
Q53H76,0
Q8WVV9,0
A0A075B6U4,0
Q9Y5Z6,0
O60318,0
Q9NTW7,0
P35609,0
Q14CZ0,0
A6NFC9,0
Q14055,0
Q8IV45,0
Q8NBQ7,0
A0A0J9YY54,0
Q6ZTA4,0
Q06732,0
Q7L4S7,0
Q9NPI7,0
Q9H0X6,0
Q9BUG6,0
O00139,0
A1L0T0,0
Q96LW1,0
Q13601,0
Q9H0A8,0
Q92905,0
Q6ZS02,0
Q8IUA0,0
Q8IXP5,0
P37275,0
Q96GM8,0
Q8N8U9,0
Q9Y485,0
Q15848,0
Q02447,0
Q969W0,0
Q8NGA4,0
P57103,0
P22004,0
Q9NXL9,0
Q6N021,0
Q8NAP8,0
Q9NQX0,0
Q6P387,0
A0A0B4J237,0
Q9UHP9,0
Q6AW86,0
Q6E213,0
Q01101,0
Q96LU7,0
Q9HAP6,0
P55916,0
Q9NX07,0
Q5T7W7,0
Q13325,0
O75324,0
Q9Y2J2,0
Q8NGF0,0
Q92832,0
P52926,0
Q86TA1,0
P58173,0
Q9Y6M1,0
Q9Y6Q1,0
P58401,0
Q7Z3B0,0
Q68DA7,0
O15225,0
Q6P1M3,0
O75143,0
Q96HD1,0
P0DMR3,0
Q5RI15,0
Q96SK3,0
Q8NGS6,0
Q9Y696,0
Q13875,0
Q8NHL6,0
Q9UQC2,0
Q13643,0
Q9Y5L4,0
Q86WS3,0
A6NI72,0
Q9H299,0
P0C7I0,0
Q86WB0,0
Q5VZ72,0
O94915,0
P22087,0
O60907,0
Q9BT40,0
Q96PG2,0
A8MUM7,0
Q9NSI2,0
Q8IWB9,0
O14513,0
Q13049,0
Q8NC67,0
Q9UBC7,0
Q8IYD9,0
Q9NRL2,0
Q99460,0
Q92623,0
P46100,0
Q96JL9,0
O00567,0
P58549,0
Q8N7S6,0
O15198,0
Q9BUQ8,0
O60299,0
Q9NRJ2,0
Q9UBW5,0
O15550,0
P01213,0
Q5ST30,0
Q8IYX7,0
Q6PCB5,0
P61578,0
Q5VWJ9,0
P28562,0
Q5VU43,0
Q6UWV7,0
L0R8F8,0
Q9NWX5,0
A0A0A0MS06,0
Q8NET5,0
P12018,0
Q719H9,0
A0A087WSY4,0
Q96J92,0
Q9UGB7,0
A0AVI2,0
Q6NXT2,0
Q96BD5,0
Q9H310,0
Q99832,0
Q8NGC2,0
Q7Z6K3,0
A0AUZ9,0
Q8N443,0
Q9P2F5,0
Q01459,0
Q5T5C0,0
Q6ZQW0,0
Q5VWG9,0
Q7Z6M2,0
P49757,0
Q8TAT2,0
P61962,0
Q9BTX7,0
O43660,0
Q9UPE1,0
Q6P589,0
Q9NX36,0
Q5DT21,0
Q5T319,0
Q9BTE3,0
Q15124,0
Q96A72,0
Q92546,0
Q5R3F8,0
Q6ZTI0,0
Q15700,0
Q6MZP7,0
Q70YC4,0
O96015,0
Q9NPH9,0
Q8NEF3,0
O14653,0
Q9HAI6,0
Q96JB3,0
Q9UPP2,0
Q8N5W8,0
O00560,0
Q8WUY3,0
Q9P2L0,0
Q9NXE8,0
Q8N9R0,0
Q14247,0
Q12946,0
Q9Y2D5,0
Q9NWZ8,0
Q9ULL4,0
B4DU55,0
Q9ULI2,0
B1AL46,0
Q9BRR0,0
P01241,0
Q8NEG4,0
O14810,0
Q9WJR5,0
Q8IV32,0
Q6ISS4,0
P49441,0
O94927,0
Q7Z3T1,0
Q13753,0
Q99467,0
O75223,0
Q9NPD8,0
Q8IZN3,0
P62851,0
Q9ULE6,0
Q9BRL7,0
O15015,0
Q9ULB5,0
Q6PGQ1,0
Q9Y236,0
Q9Y2Y8,0
Q6Y2X3,0
P51530,0
Q9NZH5,0
Q7L2J0,0
Q8WUG5,0
Q9P2X0,0
Q14773,0
Q9Y6K5,0
Q92613,0
Q14444,0
Q96QB1,0
Q8NGL0,0
Q5VT99,0
Q9NRP2,0
Q8N0T1,0
Q8WV60,0
Q8N806,0
O95177,0
Q15695,0
P0C7M6,0
Q8NH06,0
O75678,0
Q711Q0,0
Q9BVG3,0
Q96C24,0
H7C241,0
Q86SG2,0
Q8WXD9,0
P20585,0
A0A087WSZ0,0
O95759,0
O43304,0
O95279,0
Q504T8,0
Q8NGN1,0
Q96SY0,0
Q99996,0
Q9NPH5,0
Q9BX66,0
Q7Z7A4,0
Q6ZNE5,0
O75200,0
Q9NVP1,0
A6NHG4,0
Q9BWW4,0
Q76B58,0
Q8WUA4,0
Q7Z5A4,0
Q8IZL8,0
O75110,0
Q15329,0
O15481,0
Q9UI14,0
Q96KN4,0
Q8N6G5,0
Q53GG5,0
Q96SB4,0
P60321,0
P0DMU2,0
Q9UKY0,0
Q9BWU0,0
Q14194,0
P12524,0
B7ZBB8,0
P49770,0
Q05086,0
Q99523,0
Q49AJ0,0
Q5QJU3,0
Q5U4P2,0
O75323,0
Q49A92,0
A6NJB7,0
O14862,0
Q9BYT9,0
Q9UPQ4,0
Q9NWM3,0
Q6VB84,0
Q3KNT9,0
P0CJ78,0
Q6UXD1,0
Q5HYW2,0
Q9UPV9,0
Q8TBH0,0
Q12962,0
P0DUD1,0
Q13634,0
Q8N4Y2,0
P34925,0
Q13066,0
Q8N511,0
Q9UBG0,0
Q5XKP0,0
Q8WWW0,0
Q8IZ02,0
Q96NU0,0
Q9H9B4,0
Q8IXF0,0
Q14320,0
A0A087WT01,0
Q8NH73,0
Q5M775,0
O95631,0
Q15784,0
Q5QFB9,0
P00540,0
Q9UGU0,0
Q8IUR7,0
O60636,0
Q96M69,0
Q3ZCT8,0
P78318,0
O76081,0
Q9H0C3,0
Q05519,0
Q5T124,0
O95361,0
P35658,0
Q5T8P6,0
P59542,0
Q8TDZ2,0
Q92681,0
Q8N9K5,0
Q92886,0
Q2VPK5,0
Q96E16,0
A0A590UK83,0
P15088,0
A0A075B6S5,0
Q0P140,0
O75771,0
Q53FA7,0
P41212,0
Q9UID3,0
Q5QJ74,0
Q8TC90,0
Q86Z20,0
Q6UWE3,0
Q96CP2,0
Q8IZS7,0
Q8NCH0,0
Q6EEV4,0
Q8WVC6,0
O95473,0
Q8N3R3,0
Q9H9C1,0
Q8WVV4,0
Q96KF7,0
Q9H213,0
Q8NHV1,0
Q9HC44,0
P54725,0
Q7RTU9,0
P60153,0
P42568,0
Q9Y6X0,0
Q6ZRV2,0
O75531,0
Q15283,0
P55001,0
O95467,0
Q9UKQ9,0
Q96PY5,0
Q15836,0
Q4VX76,0
Q86WS4,0
Q96T91,0
Q86VK4,0
P0DUD3,0
Q9H329,0
Q14515,0
P63279,0
A1L168,0
Q9H579,0
Q15077,0
O60487,0
Q5VXJ0,0
Q9UBV4,0
Q8IUK8,0
Q9UQ26,0
B0L3A2,0
O95661,0
Q8N0U6,0
Q92834,0
Q8TD17,0
Q8WYL5,0
Q6P3W2,0
A1L4Q6,0
O43866,0
Q14679,0
A8MZ36,0
Q8WV44,0
Q96MH6,0
Q96PY0,0
Q8IWN7,0
P24539,0
Q9NYM4,0
Q9HBU6,0
Q86SG3,0
Q9P121,0
P46977,0
Q9UPT8,0
O95208,0
P62079,0
Q9NRQ2,0
Q8N128,0
Q9H9L7,0
Q9UG22,0
Q14568,0
P61201,0
P49207,0
Q9H2X8,0
A0A0C4DH69,0
Q969U6,0
Q99612,0
Q27J81,0
P15621,0
Q6UXD5,0
P29728,0
Q8NGC4,0
P18754,0
A0A075B6N2,0
Q9H756,0
O14495,0
Q9P1Z2,0
Q9BXW3,0
Q9H9A5,0
Q8IY85,0
Q14449,0
Q8N131,0
Q0D2K2,0
Q6UWN0,0
Q06250,0
P78411,0
Q9H4G0,0
Q0D2I5,0
Q14185,0
Q5GAN6,0
Q8NGE9,0
Q9BUA3,0
Q9UPU7,0
Q96PM5,0
A0A804HLA8,0
A0A1B0GU33,0
Q9UQ03,0
O43529,0
Q8N2G6,0
Q13705,0
O94913,0
Q96FS4,0
Q4G0X9,0
Q7Z5K2,0
P83111,0
Q567V2,0
Q7L9L4,0
Q96KT7,0
Q12836,0
Q9BRT2,0
O75553,0
Q96EI5,0
Q9NXP7,0
O00203,0
P62952,0
Q9NYU2,0
Q8TEW8,0
Q9NWR8,0
Q13099,0
Q8NG06,0
Q7Z4V0,0
Q6ZRI8,0
Q9NYW0,0
Q7Z449,0
Q9P015,0
Q8IYB8,0
Q9BPY3,0
O43711,0
P30533,0
Q5VUJ5,0
O95571,0
Q86Y79,0
A8MT70,0
Q9NPI8,0
Q9H2G4,0
A6NMU1,0
P31997,0
Q96HY6,0
O95235,0
O14530,0
P0C880,0
O95393,0
Q9BYD1,0
Q6ZMS4,0
Q9NWS0,0
Q8WYA0,0
A0A0C4DH41,0
Q75MW2,0
P16415,0
Q9HCJ1,0
Q8N653,0
Q9HAT8,0
O75310,0
Q16890,0
Q7L5L3,0
O15484,0
Q5T1Q4,0
Q13563,0
Q5VZ03,0
Q8TER5,0
Q9UFE4,0
Q6UWV2,0
A0A1B0GX31,0
Q8NH94,0
Q96JX3,0
O00470,0
O95170,0
Q6PI98,0
Q6UXR6,0
A0A0B4J2E0,0
Q9UJK0,0
P0CG00,0
Q13349,0
Q8IXT1,0
O14977,0
O15254,0
P63130,0
Q9UFP1,0
Q6ZT98,0
A0A0B4J274,0
Q8N9N7,0
Q9P0J6,0
Q8WV48,0
Q9NX24,0
Q9H4S2,0
Q9BY77,0
P60602,0
A8K8P3,0
Q8N6H7,0
O94921,0
Q9NQX7,0
Q5VTA0,0
Q13291,0
Q9BUB4,0
Q5XG92,0
Q9NWL6,0
Q96M95,0
Q5JWF2,0
P0CW21,0
P49643,0
Q68DD2,0
Q9C0D7,0
Q7Z3F1,0
Q9NRS4,0
Q5NE16,0
D3W0D1,0
Q6EIG7,0
O15553,0
Q8N184,0
Q8WVI0,0
O15347,0
Q9UKA2,0
P17482,0
O15315,0
Q99731,0
E9PQ53,0
Q0D2K5,0
Q9UNW8,0
Q96DY2,0
A5YM72,0
Q16401,0
O43869,0
Q8N6F1,0
Q9Y262,0
Q6ZW13,0
Q92796,0
Q9Y3Y2,0
Q9P2N2,0
Q6ZNW5,0
Q9H7T3,0
A4D256,0
Q8NGI8,0
Q96AQ1,0
P48741,0
Q9HAR2,0
Q1W4C9,0
Q6GYQ0,0
Q9BV68,0
Q93079,0
P59923,0
Q8TEK3,0
P53602,0
Q9NTX7,0
P0DJD4,0
Q9UPI3,0
Q05084,0
Q53T59,0
Q9BVI4,0
P28340,0
A8MT33,0
Q96NY7,0
O75074,0
A8MUX0,0
Q9NQZ3,0
Q9ULH0,0
Q9BX69,0
O43903,0
Q9Y6J0,0
P55082,0
Q6ZNC4,0
Q9BUI4,0
Q5F1R6,0
Q9H342,0
O43508,0
Q8IYQ7,0
Q9BYK8,0
Q32MQ0,0
P38646,0
P23025,0
Q9P2J9,0
P49711,0
Q8NGC0,0
Q9BTX1,0
Q9UIL1,0
P57679,0
Q8IWP9,0
Q96AY4,0
Q8NBU5,0
Q6PEZ8,0
Q96HU1,0
O15529,0
Q8IV38,0
Q92535,0
P08237,0
O14656,0
Q9BXQ6,0
O95452,0
Q5JUX0,0
Q8IWV7,0
Q8IZU0,0
Q86UE3,0
Q9NS71,0
Q15072,0
Q9H6D3,0
Q86UL8,0
Q629K1,0
Q8TCT0,0
A6NGB7,0
P18124,0
Q5T655,0
Q1ZYL8,0
Q9NYW1,0
Q92854,0
O14625,0
Q96Q06,0
A6NDP7,0
Q9BZQ4,0
Q8IVB4,0
P17542,0
Q5JVF3,0
O95396,0
P05000,0
P43630,0
P13232,0
O95926,0
O95416,0
Q9UH17,0
Q9BYP9,0
Q96DN2,0
A0A0B4J1V7,0
P56557,0
Q9UL42,0
Q8IYN0,0
Q6DN72,0
Q96AH0,0
Q5JSL3,0
Q9UK28,0
Q9BZK7,0
Q9NYZ1,0
Q8IUX4,0
Q5XG85,0
Q8NH18,0
Q9NQ11,0
Q8IWX5,0
O95996,0
Q96LM1,0
Q96GL9,0
Q8TB40,0
Q86TG7,0
P0C0E4,0
A6NGK3,0
Q96FQ7,0
Q96B54,0
Q9BZJ6,0
Q8NGX5,0
Q8IYV9,0
Q8NGB8,0
Q5GH73,0
Q9NZB2,0
P49326,0
Q9NQZ6,0
P13804,0
A6NEC2,0
Q75V66,0
Q0VG99,0
P02814,0
Q8IV42,0
Q86SU0,0
Q13277,0
Q96PZ7,0
O94874,0
Q9H6Z4,0
Q9UN67,0
Q5UCC4,0
Q5JTW2,0
Q9HAU6,0
Q1AE95,0
Q5SVS4,0
A0A0A0MS14,0
Q9BXN1,0
A0A075B6W5,0
Q9Y2N7,0
P28358,0
Q8TAG5,0
Q8N465,0
Q96NI8,0
Q9UHC6,0
Q86TU7,0
Q8TBC3,0
A0A0B4J273,0
Q5VT79,0
A0A0B4J1U6,0
Q8IVF7,0
Q9UBB4,0
O75969,0
P60369,0
Q8TAM6,0
Q8WTW3,0
Q6ZQX7,0
Q9BZ23,0
A0A096LPI5,0
Q8IUH4,0
Q6IQ21,0
Q96RM1,0
Q969Y0,0
Q5VTY9,0
Q92889,0
Q12888,0
Q92563,0
P0CG13,0
Q9HBR0,0
Q9NVX0,0
P18428,0
A0A1W2PP97,0
Q5VYV0,0
P01766,0
Q9H019,0
Q96DS6,0
Q6ZVM7,0
Q9NSI6,0
Q99594,0
Q8TDV2,0
Q9NR20,0
Q5VXI9,0
O96005,0
Q86W54,0
Q5HYI8,0
Q9NY27,0
Q99719,0
Q96A46,0
Q9Y2Z9,0
Q8TCW7,0
O14830,0
P78424,0
Q86UU0,0
Q9Y6I8,0
Q15386,0
Q8IYL2,0
Q0P651,0
Q9UNN4,0
P78395,0
Q8WX94,0
Q8NG97,0
Q9Y6I4,0
P0DJH9,0
P20290,0
Q0D2J5,0
Q9GZZ1,0
Q8NCQ3,0
Q86WK6,0
Q9NSJ1,0
Q96AH8,0
A6NLC8,0
Q9P212,0
Q5SWW7,0
Q9BWV1,0
Q8WWM1,0
Q9NS25,0
O43559,0
Q9HA47,0
Q5K4E3,0
Q9BRQ8,0
Q9H4A3,0
O75648,0
Q7RTS5,0
Q9H4E5,0
Q8NC60,0
Q9Y6A1,0
O95944,0
Q9BYE3,0
A8MWE9,0
O94817,0
Q96BN2,0
Q17RF5,0
Q9Y2T5,0
A6NGW2,0
Q6ZP01,0
Q8NH19,0
Q9BR76,0
Q96QE2,0
O75364,0
Q8NFI4,0
Q8WZ75,0
O95455,0
P0DP04,0
Q8N7B6,0
Q8N441,0
Q8NH90,0
Q9GZK3,0
A8MV81,0
Q9NSC5,0
Q5VUJ9,0
Q5H9L4,0
C9JI98,0
Q9BTA0,0
Q9UNS1,0
Q9NU39,0
C9J1S8,0
Q9H7B7,0
Q86XE0,0
Q569H4,0
Q9H2U1,0
O75414,0
Q6PKG0,0
P0CW19,0
Q8IZP1,0
O15120,0
Q9BW30,0
Q8NHJ6,0
O15049,0
O94762,0
P17027,0
Q14C86,0
Q96LW4,0
Q5GFL6,0
Q8NH03,0
Q9HD47,0
O75525,0
Q9H074,0
O14786,0
Q6P087,0
Q96CW6,0
Q96Q80,0
P46937,0
Q15020,0
Q12972,0
Q9H840,0
Q8NA58,0
O14531,0
O95822,0
P51795,0
P60409,0
P63272,0
Q9UGC7,0
Q05923,0
A2CJ06,0
Q9Y2H5,0
P31249,0
Q8NGJ1,0
Q8NGK6,0
P63211,0
Q8TDW4,0
Q9BX63,0
A8MV24,0
Q96NB2,0
B2RXH4,0
Q2KHM9,0
O95793,0
P30154,0
O75204,0
Q99471,0
Q13387,0
Q96M96,0
Q12864,0
P51991,0
Q9BXF3,0
A4D1T9,0
Q9BYR0,0
Q15464,0
Q6P9A2,0
P58004,0
Q9Y3E5,0
Q8NCU8,0
Q6PIY7,0
O60765,0
Q99627,0
Q9NX62,0
Q9UN74,0
Q8IVE0,0
Q8NF67,0
Q70EL2,0
Q01113,0
Q9UM11,0
Q96RB7,0
O95490,0
Q9Y4W2,0
Q7Z7F0,0
Q9NZQ0,0
Q9NP81,0
Q8TEB9,0
Q5SWL8,0
Q86VN1,0
Q8NEG5,0
Q6UWN5,0
A6NMA1,0
Q8N2Q7,0
Q15828,0
A6NE01,0
M0QZC1,0
Q8NGJ2,0
Q9NRA8,0
Q15054,0
Q16549,0
Q9NSP4,0
Q9UL62,0
P52907,0
O60320,0
Q9Y3L3,0
Q9H4E7,0
P40938,0
Q9C0C2,0
P21145,0
Q8N8S7,0
O95076,0
Q8NA77,0
Q8NH67,0
Q9BQ83,0
Q8TAP6,0
Q16254,0
Q6ZVD7,0
O75290,0
Q8N8C0,0
Q5RKV6,0
P41226,0
Q9NZQ9,0
Q9HAC8,0
Q8TCS8,0
Q9P126,0
O95453,0
Q9BYR7,0
Q9Y462,0
O14639,0
Q9Y2L6,0
P05997,0
Q9NZU7,0
Q9UJX5,0
Q7Z736,0
P22362,0
Q9Y4F4,0
Q9UL36,0
Q496A3,0
Q86WK9,0
Q86XW9,0
A6NGN9,0
Q06828,0
Q8NBP0,0
P40197,0
H3BQW9,0
Q9H1U9,0
Q8IYI8,0
Q9Y303,0
Q9NXF8,0
Q9UBU9,0
Q00341,0
Q9NWU1,0
Q9Y2K5,0
Q5VU65,0
P67812,0
Q12933,0
A6NCC3,0
P0C7P0,0
O60739,0
P42127,0
Q7Z3H4,0
O75563,0
Q5K130,0
A0A075B6S2,0
P0DSE2,0
Q5T6J7,0
A0A0A0MRZ8,0
P68543,0
Q7Z7L1,0
Q96A04,0
Q8N1F8,0
P17480,0
Q9HCI7,0
P0DUB6,0
Q8TBP0,0
Q96DD0,0
Q04724,0
O43502,0
Q5VTL8,0
Q9BVW5,0
A0A075B6J1,0
P0C645,0
A0A1B0GVH4,0
Q16655,0
Q7Z7B7,0
Q8NH00,0
Q6IN84,0
Q9Y3A2,0
O43187,0
Q9C004,0
Q9Y225,0
Q8N3Y3,0
P12074,0
Q14207,0
Q6GTX8,0
P31314,0
Q6X4T0,0
Q9ULV4,0
Q66LE6,0
Q9NWD9,0
Q8IZS6,0
Q9BZF2,0
Q6ZVD8,0
Q8N812,0
Q9NWU2,0
Q9Y3Q0,0
Q8WTU0,0
Q30KQ4,0
Q99442,0
Q2NL98,0
Q5BKY6,0
A6NJ46,0
Q4LDG9,0
Q8NGT9,0
Q15004,0
Q9HCJ3,0
Q9UKA8,0
Q8TEU8,0
Q69YZ2,0
P28360,0
Q86TX2,0
Q9BVV6,0
Q96EL3,0
Q6YI46,0
P35326,0
P53674,0
Q8ND56,0
Q96LA5,0
P35414,0
Q8N2S1,0
P22083,0
O43598,0
P0DTF9,0
Q96IU4,0
P04201,0
Q8NB50,0
P42702,0
Q6ZRP5,0
A1A4S6,0
Q9BRJ9,0
P13473,0
Q9UIA9,0
Q9Y2A7,0
P22223,0
Q52LA3,0
Q08AG5,0
P0CL83,0
Q7Z7G2,0
P55103,0
Q86UX7,0
Q9NYY1,0
Q8TF63,0
Q9UNE2,0
Q5JTD7,0
Q86WA9,0
Q8WXX0,0
Q9NW15,0
O60262,0
Q8N6C7,0
Q8N5D6,0
Q7Z713,0
A0A0K0K1D8,0
Q8IYP9,0
Q9UPW6,0
Q9BZW5,0
P80370,0
Q8TAT5,0
A2NJV5,0
Q14209,0
Q71DI3,0
Q92187,0
Q6L8H4,0
Q9NW38,0
Q9ULK0,0
O14683,0
Q9NVG8,0
A0A1W2PPH5,0
Q8IXT2,0
Q8WVZ1,0
Q9NUB4,0
O15391,0
Q96SQ5,0
Q7Z6W1,0
O14646,0
O14498,0
Q9P206,0
Q9Y2I2,0
Q8N7Q2,0
O95210,0
Q9BQ67,0
Q8IZP6,0
P11182,0
Q8N961,0
O43602,0
Q8IZM8,0
A0A096LNW5,0
O75069,0
O60437,0
Q9NS28,0
Q16280,0
Q96NW4,0
Q76M96,0
P0C672,0
Q9H091,0
Q8N9H8,0
Q96AX2,0
Q14DG7,0
Q8N2A0,0
Q9NRJ3,0
Q96IP4,0
Q92527,0
Q11201,0
Q8IVE3,0
Q6P0A1,0
A0A1B0GUA6,0
Q9UQ35,0
P55010,0
Q8NEQ6,0
Q96DB5,0
A0A075B6J6,0
P0C7V8,0
Q6Q0C0,0
Q96HF1,0
Q9HBJ7,0
Q53R41,0
Q6P1K2,0
Q8N165,0
Q8N0X2,0
Q96BY6,0
Q9BQM9,0
Q9Y5K1,0
Q8NDH6,0
P21506,0
Q96AB3,0
Q6DD88,0
P56182,0
Q9BRJ2,0
Q9UQ16,0
Q902F8,0
A0A075B6K5,0
Q5VZB9,0
P55039,0
B2RXH2,0
Q9BS18,0
Q7L1I2,0
Q8NCP5,0
Q8WTQ1,0
Q8NFU4,0
Q6ZNG0,0
Q70CQ2,0
Q96MF6,0
Q6ZVN8,0
O43761,0
Q9UM21,0
O43829,0
Q9P2M4,0
Q96M20,0
Q15697,0
Q8NGN2,0
P04433,0
P21781,0
Q9UBK2,0
Q8WXF3,0
P15515,0
Q86YQ8,0
O75752,0
D6RA61,0
Q7Z2Y5,0
O43745,0
P22466,0
Q4ZIN3,0
O60762,0
O00220,0
Q14254,0
Q9NQ92,0
Q9NWW6,0
Q8TEP8,0
Q8NDX9,0
P43250,0
O14867,0
Q9BQ52,0
Q9Y5U8,0
O95976,0
P62068,0
Q13772,0
Q7L804,0
Q8N2M4,0
A6NI79,0
Q96S52,0
Q9UBF2,0
Q6UXB0,0
Q96Q11,0
O95258,0
Q9H2W2,0
O14512,0
Q13424,0
Q9P253,0
Q96M15,0
Q96SM3,0
Q9NY99,0
Q96A35,0
P01344,0
A6NCJ1,0
Q86U86,0
Q99453,0
Q8NGE5,0
Q9UMX1,0
O43929,0
Q8N9B8,0
Q6NUI6,0
Q99463,0
P17677,0
Q5JUK9,0
Q9BYQ2,0
Q9Y561,0
Q8NHG7,0
Q96S06,0
Q9Y519,0
Q07283,0
Q96LA6,0
P35542,0
Q969G2,0
Q9BXE9,0
P17030,0
Q8TE49,0
A6NMZ5,0
Q2TBF2,0
P55081,0
Q6UXG3,0
P61018,0
Q9H1C3,0
P0C7A2,0
Q8NFR3,0
Q9P0K7,0
Q96N22,0
Q4V328,0
Q9H7R0,0
Q9NS64,0
Q6UWJ8,0
Q6ZVN7,0
Q8TEW6,0
Q6ZVE7,0
Q9NXK8,0
P55089,0
Q13616,0
P30281,0
A0A1B0GTR4,0
O75022,0
Q8N6K0,0
Q01968,0
O14519,0
Q96B33,0
Q9XRX5,0
Q6DKI2,0
Q60I27,0
Q2KHT4,0
Q5JVG2,0
P38935,0
O75078,0
Q96PP9,0
O00471,0
A0A087WT02,0
Q71RC9,0
O43813,0
Q15172,0
Q7Z5L9,0
Q6P988,0
Q8TC94,0
P49450,0
P17017,0
P82932,0
P0DPF5,0
Q7Z4N2,0
Q6V0I7,0
Q9H5J8,0
Q7LBR1,0
Q6P1L6,0
Q5T3I0,0
Q9H5F2,0
Q17RG1,0
Q96AC6,0
Q96NJ5,0
Q30KQ5,0
O43365,0
O14772,0
Q9H115,0
Q9NXX6,0
Q9UBR4,0
Q86YF9,0
Q96E11,0
O75674,0
Q68CQ4,0
P53365,0
Q969V5,0
Q4G0Z9,0
O95067,0
Q147U1,0
Q9NUJ7,0
Q86VZ6,0
Q9BXT4,0
Q9NXL2,0
Q9H0U3,0
Q92688,0
Q9BX67,0
Q9UJ41,0
Q9BPW5,0
A4D2H0,0
Q96KX0,0
Q6UWI4,0
A6NC62,0
Q9NQE9,0
A0JP26,0
Q9Y6N8,0
Q5SRE7,0
O95600,0
Q2KHR2,0
O43707,0
Q6ZU15,0
Q9BU20,0
A6NNF4,0
A6NC98,0
Q5T870,0
Q6QHK4,0
P57764,0
O95867,0
Q9ULS5,0
Q9ULC5,0
Q9BU76,0
Q9NP73,0
Q9BZF1,0
Q92545,0
Q8TAI1,0
P16402,0
Q9H9P5,0
Q9NXG0,0
Q7Z5Y6,0
Q99999,0
Q86WG3,0
Q8N114,0
Q9BYE2,0
Q8WXG1,0
Q8N5T2,0
P17039,0
Q96F83,0
O00399,0
P0DPF7,0
Q9ULB4,0
P30307,0
Q96NA8,0
Q13416,0
P15907,0
Q8TC29,0
P62683,0
Q6NYC8,0
Q8WY54,0
Q08ET2,0
P56159,0
Q5T7N8,0
P57087,0
Q9GZZ0,0
Q6P047,0
Q86T29,0
Q969X2,0
Q9BRX5,0
Q9H6F5,0
A8MT65,0
Q9BW11,0
Q9NS73,0
Q53GA4,0
O75529,0
O95965,0
P63215,0
Q24JP5,0
Q92837,0
Q96CD0,0
Q6ZMW3,0
Q9H0X9,0
Q63HQ2,0
Q5H9K5,0
Q9UNH7,0
Q13394,0
Q93096,0
Q8NH89,0
Q6B0B8,0
P47888,0
Q6ZS30,0
O95461,0
Q99715,0
Q7RTS3,0
Q58EX2,0
Q8N9X5,0
O95343,0
Q9BXN2,0
Q9NQC8,0
O14715,0
Q8TCA0,0
Q7Z6K4,0
Q63ZY6,0
O15105,0
Q15735,0
Q9NZV7,0
Q92817,0
Q7Z3Z2,0
Q9ULE0,0
Q8NEL0,0
Q96JG9,0
Q8NBZ0,0
O75607,0
Q9Y2H6,0
Q8IV48,0
Q13868,0
Q96RP3,0
Q9NZE8,0
X6R8R1,0
Q5T1A1,0
Q8N6M6,0
P08582,0
A0A0U1RQE8,0
Q8TB05,0
P78324,0
Q9BXW4,0
Q96NL6,0
P19022,0
O60844,0
O00570,0
Q8N5I9,0
P49006,0
Q9BXC1,0
Q99678,0
Q6ZRC1,0
Q3T8J9,0
Q53FV1,0
Q9BYV9,0
Q8NDW4,0
Q9H7N4,0
Q687X5,0
O00461,0
Q9Y6H3,0
Q8TAG6,0
Q9BRQ5,0
Q5JXX7,0
Q9H4T2,0
Q8TEA8,0
Q8WTV1,0
Q9HCK4,0
Q5TH74,0
Q9BQL6,0
A6NCN8,0
Q13561,0
Q96RS6,0
O75949,0
Q5BKX8,0
O00744,0
Q8WXH4,0
Q9Y3C6,0
O75333,0
Q9BZM1,0
P60371,0
P82675,0
Q9NZJ7,0
Q5SZK8,0
Q9Y4Y9,0
Q9H1C7,0
P57071,0
Q9BUU2,0
Q16763,0
P01611,0
P60008,0
O95450,0
Q96M91,0
Q96G74,0
Q7Z309,0
Q96S97,0
Q9NR31,0
Q6ZR37,0
O95340,0
P61278,0
P23508,0
Q9GZS1,0
P0DMQ5,0
Q96K17,0
Q7Z6I5,0
Q96CQ1,0
Q8NEZ4,0
Q9BU40,0
O43861,0
Q9UMQ3,0
Q8N815,0
Q8IZ08,0
Q03468,0
Q6ZST4,0
Q14980,0
Q13069,0
O95551,0
P07585,0
Q8NI17,0
Q86UW9,0
Q9UKY1,0
Q96NZ1,0
Q5VXU9,0
Q9H8T0,0
Q86VP3,0
A8MQ14,0
Q9HB96,0
Q9HAU5,0
P17535,0
Q9UL12,0
Q8TDX5,0
Q6UX71,0
P49458,0
Q9GZW5,0
P56270,0
Q8NEM2,0
Q8WXS8,0
O94952,0
Q9BZR8,0
Q8N7H5,0
P08949,0
Q9H1C0,0
Q9UMD9,0
A0A286YF01,0
Q7Z5U6,0
Q9BWU1,0
Q13491,0
Q9BWE0,0
Q9HCK5,0
A6NIK2,0
O75473,0
Q8NDA2,0
O60645,0
Q3LI77,0
O14647,0
Q8NDI1,0
Q96LL9,0
Q99985,0
Q9NQW6,0
P0DP91,0
Q6WKZ4,0
O60884,0
P47736,0
Q9NRF2,0
Q49AM1,0
Q93015,0
O75436,0
Q9UIS9,0
Q9H9V9,0
P62847,0
A0A075B6I9,0
O43482,0
O43292,0
Q9BXD5,0
Q5TB80,0
O75915,0
Q96EP5,0
P57773,0
Q07444,0
O15303,0
Q8WWF6,0
Q9NTN3,0
Q8NGB4,0
Q5T4F7,0
Q8N720,0
P0C7Q5,0
Q9UKI2,0
A6NDL8,0
Q9H321,0
Q6P3W7,0
Q02962,0
Q13021,0
F5H094,0
Q6T423,0
A0A1W2PPF3,0
O60812,0
Q7Z434,0
O75409,0
Q8NE35,0
Q5JPI3,0
Q7L3S4,0
Q9BQT9,0
P35453,0
Q9NU19,0
Q8WV99,0
Q6Q8B3,0
Q96FV3,0
Q6ZRH7,0
Q15397,0
Q9Y6K8,0
P27918,0
Q70HW3,0
O60291,0
Q96PU4,0
O15130,0
A6NEQ0,0
A0A0K0K1E9,0
Q6DKJ4,0
P35226,0
Q5JRA6,0
Q8NB25,0
P0C7U0,0
O75952,0
Q8N365,0
Q7Z3B1,0
P0C671,0
Q8NGL9,0
Q2TAA2,0
Q9NX01,0
P83731,0
Q6P9H5,0
Q96P70,0
A6NND4,0
Q5VUY2,0
Q6IPT4,0
Q9NYW6,0
P54107,0
A6NDD5,0
Q6J4K2,0
Q9Y2X8,0
Q6B0I6,0
O15527,0
Q8NFK1,0
Q86Y91,0
P26374,0
Q86SE9,0
Q9Y613,0
Q9BXR3,0
Q5VXD3,0
Q92599,0
Q2WGN9,0
Q15743,0
Q9BXR0,0
Q9BZB8,0
A8K8V0,0
Q92481,0
O14893,0
Q9NWK9,0
Q9Y6J8,0
P32780,0
A8TX70,0
O95810,0
Q9Y5X4,0
A0A096LP49,0
Q5H9J7,0
Q02413,0
P43694,0
O14843,0
Q8N6K7,0
Q5VWP2,0
O15355,0
Q7L9B9,0
Q2NKQ1,0
Q9ULV8,0
Q9BV10,0
Q9P0K9,0
Q8NHW6,0
Q2T9J0,0
Q86Z02,0
Q96HS1,0
Q8NEA5,0
O75077,0
Q96Q05,0
Q86V20,0
Q9Y2P4,0
O00635,0
A0A0B4J277,0
Q9HBI5,0
Q8NGV6,0
Q92833,0
Q9C0I4,0
Q53F39,0
Q8WUA7,0
Q96Q07,0
P22532,0
Q9NRY6,0
Q86W34,0
Q7RTY7,0
O95415,0
Q9NQV5,0
Q3SX64,0
Q9NZC3,0
Q9C0D4,0
O95278,0
Q8NGL6,0
Q5JY77,0
P40617,0
Q8N4T8,0
P09471,0
Q96A29,0
Q15628,0
P50452,0
Q6ZMZ0,0
Q12918,0
O95971,0
A0A075B6V5,0
Q14669,0
Q8N9T2,0
Q86U28,0
Q9BXP8,0
P60014,0
Q9H6L4,0
Q5JSJ4,0
P43699,0
Q6UXU6,0
Q9BWT7,0
Q6PJQ5,0
Q92538,0
O75882,0
Q9ULX5,0
Q8N4C9,0
P35227,0
Q9BXP2,0
Q13495,0
O60306,0
O95484,0
Q14157,0
Q5VXU1,0
O14950,0
Q13158,0
Q9BZ19,0
Q5JS37,0
P24723,0
A0A455ZAR2,0
Q16891,0
Q14674,0
A0A3B3IU46,0
A8MU10,0
Q96HR9,0
Q9NV23,0
Q13105,0
Q14966,0
Q13702,0
Q9UMX0,0
Q8NCE2,0
P55327,0
Q93074,0
Q96A73,0
Q5T2D3,0
P24043,0
P24386,0
Q9BY08,0
Q6NUT2,0
Q86SJ6,0
Q9UEF7,0
Q6IFG1,0
Q9NXG2,0
A6NGC4,0
Q17RW2,0
Q6PL45,0
O60508,0
Q6UXB1,0
P37198,0
Q9BUN8,0
Q8N485,0
P59036,0
Q96N28,0
O75128,0
Q8N912,0
Q9P2G1,0
Q8N6W0,0
Q9H7Z3,0
Q9BXT8,0
Q9NX65,0
Q5SNV9,0
Q96EP1,0
P51159,0
O75821,0
